"Eddy","Scott"
"Oliver","Kelley"
"Aldus","Ellis"
"Daryl","Douglas"
"Daisy","Johnston"
"Ada","Hunt"
"Alford","Moore"
"Sofia","Miller"
"Ashton","Henderson"
"Dainton","Smith"
"Heather","Miller"
"April","West"
"Lucia","Murphy"
"Violet","Cole"
"Maximilian","Rogers"
"Lucas","Barnes"
"Daisy","Johnson"
"Antony","Wells"
"Tony","West"
"Catherine","Wilson"
"Fenton","Carroll"
"Alissa","Owens"
"Aldus","Andrews"
"Darcy","Alexander"
"Kelvin","Gray"
"Aldus","Davis"
"Joyce","Grant"
"Carl","Hawkins"
"Jacob","Payne"
"Alan","Wilson"
"Daniel","Mason"
"Deanna","Parker"
"Vivian","Riley"
"Alan","Hill"
"Cadie","Myers"
"Alexia","Thompson"
"Deanna","Casey"
"Luke","Murray"
"Violet","Moore"
"Ned","Riley"
"Ada","Sullivan"
"Jack","Thomas"
"Roman","Bennett"
"Rosie","Sullivan"
"Lily","Spencer"
"Ada","Mason"
"Vivian","Reed"
"Alen","Douglas"
"Rebecca","Ferguson"
"Jack","Chapman"
"Carlos","Moore"
"Julian","Russell"
"Kate","Murphy"
"Ned","Cunningham"
"Jacob","Harrison"
"Abraham","Carter"
"Ned","Payne"
"Honey","Andrews"
"Lydia","Johnston"
"Isabella","Brown"
